date,store_id,cat_id,actual_sales,predicted_sales
2016-03-28,CA_1,FOODS,2480,2756.1814129679947
2016-03-29,CA_1,FOODS,2481,2513.0311443483974
2016-03-30,CA_1,FOODS,2135,2496.75517970987
2016-03-31,CA_1,FOODS,2651,2269.8248274214516
2016-04-01,CA_1,FOODS,3132,3221.4478300589526
2016-04-02,CA_1,FOODS,3890,3763.154665025479
2016-04-03,CA_1,FOODS,4226,4136.087464710836
2016-04-04,CA_1,FOODS,3273,3273.0073780303164
2016-04-05,CA_1,FOODS,2711,2880.9807726286467
2016-04-06,CA_1,FOODS,2698,2804.636863522244
2016-04-07,CA_1,FOODS,2450,2700.9886909901306
2016-04-08,CA_1,FOODS,3141,2990.104713575654
2016-04-09,CA_1,FOODS,4073,3820.540304025346
2016-04-10,CA_1,FOODS,4061,3761.09852311111
2016-04-11,CA_1,FOODS,2876,3001.6580892056268
2016-04-12,CA_1,FOODS,2372,2539.3123926553258
2016-04-13,CA_1,FOODS,2341,2468.5700754958075
2016-04-14,CA_1,FOODS,2421,2438.016303688352
2016-04-15,CA_1,FOODS,2706,2876.859461385411
2016-04-16,CA_1,FOODS,3481,3587.414486195054
2016-04-17,CA_1,FOODS,4004,3837.563061255553
2016-04-18,CA_1,FOODS,2886,2744.507135343989
2016-04-19,CA_1,FOODS,2488,2356.947373609346
2016-04-20,CA_1,FOODS,2490,2342.12123360811
2016-04-21,CA_1,FOODS,2533,2382.9792504066077
2016-04-22,CA_1,FOODS,2960,2950.095087372891
2016-04-23,CA_1,FOODS,3655,3599.9752424298035
2016-04-24,CA_1,FOODS,4053,3648.020200758036
2016-03-28,CA_1,HOBBIES,535,405.85463756752773
2016-03-29,CA_1,HOBBIES,498,463.0287666257815
2016-03-30,CA_1,HOBBIES,465,454.40689410824547
2016-03-31,CA_1,HOBBIES,536,457.39173773420504
2016-04-01,CA_1,HOBBIES,743,543.5283161053263
2016-04-02,CA_1,HOBBIES,603,682.8988957552668
2016-04-03,CA_1,HOBBIES,790,620.059893866011
2016-04-04,CA_1,HOBBIES,463,537.9115617321977
2016-04-05,CA_1,HOBBIES,545,473.0010410508246
2016-04-06,CA_1,HOBBIES,427,495.88787305986034
2016-04-07,CA_1,HOBBIES,394,519.6694969552065
2016-04-08,CA_1,HOBBIES,582,534.9958827007258
2016-04-09,CA_1,HOBBIES,571,646.0178859895616
2016-04-10,CA_1,HOBBIES,547,648.6134589802463
2016-04-11,CA_1,HOBBIES,620,471.5962023835218
2016-04-12,CA_1,HOBBIES,391,500.4146006339496
2016-04-13,CA_1,HOBBIES,415,437.98002788227296
2016-04-14,CA_1,HOBBIES,429,415.85814474515564
2016-04-15,CA_1,HOBBIES,401,541.1778844061345
2016-04-16,CA_1,HOBBIES,722,544.103102467706
2016-04-17,CA_1,HOBBIES,655,583.5291633505361
2016-04-18,CA_1,HOBBIES,542,516.377055705727
2016-04-19,CA_1,HOBBIES,495,465.604186547682
2016-04-20,CA_1,HOBBIES,363,464.20163548933124
2016-04-21,CA_1,HOBBIES,410,438.4181610547176
2016-04-22,CA_1,HOBBIES,527,466.9536253468807
2016-04-23,CA_1,HOBBIES,670,643.6998005108588
2016-04-24,CA_1,HOBBIES,714,555.7433665599647
2016-03-28,CA_1,HOUSEHOLD,890,872.9946140966172
2016-03-29,CA_1,HOUSEHOLD,809,810.5958645990612
2016-03-30,CA_1,HOUSEHOLD,739,793.6492812542836
2016-03-31,CA_1,HOUSEHOLD,889,796.3424512557104
2016-04-01,CA_1,HOUSEHOLD,1108,1090.8345837238915
2016-04-02,CA_1,HOUSEHOLD,1384,1348.5301660490652
2016-04-03,CA_1,HOUSEHOLD,1480,1389.394313710659
2016-04-04,CA_1,HOUSEHOLD,1076,975.4395983633788
2016-04-05,CA_1,HOUSEHOLD,807,892.3248680983171
2016-04-06,CA_1,HOUSEHOLD,839,823.6477820060577
2016-04-07,CA_1,HOUSEHOLD,811,836.3819516796208
2016-04-08,CA_1,HOUSEHOLD,996,971.5998412684098
2016-04-09,CA_1,HOUSEHOLD,1468,1346.9868258744461
2016-04-10,CA_1,HOUSEHOLD,1361,1456.8978069369143
2016-04-11,CA_1,HOUSEHOLD,988,1025.1087276054227
2016-04-12,CA_1,HOUSEHOLD,816,852.6808360376602
2016-04-13,CA_1,HOUSEHOLD,722,846.1744921533582
2016-04-14,CA_1,HOUSEHOLD,787,779.7903163773876
2016-04-15,CA_1,HOUSEHOLD,875,951.735603865487
2016-04-16,CA_1,HOUSEHOLD,1234,1344.5817069898842
2016-04-17,CA_1,HOUSEHOLD,1295,1352.145883813378
2016-04-18,CA_1,HOUSEHOLD,917,942.9356832776518
2016-04-19,CA_1,HOUSEHOLD,810,828.2811868839349
2016-04-20,CA_1,HOUSEHOLD,869,794.5329007586025
2016-04-21,CA_1,HOUSEHOLD,766,795.3779203499134
2016-04-22,CA_1,HOUSEHOLD,900,938.1823361955867
2016-04-23,CA_1,HOUSEHOLD,1252,1211.4103469595916
2016-04-24,CA_1,HOUSEHOLD,1346,1199.7120092246357
2016-03-28,CA_2,FOODS,2376,2474.6248094538482
2016-03-29,CA_2,FOODS,2433,2336.121445767533
2016-03-30,CA_2,FOODS,2360,2362.6481543040272
2016-03-31,CA_2,FOODS,2340,2312.1724390677527
2016-04-01,CA_2,FOODS,3081,2848.819461478021
2016-04-02,CA_2,FOODS,3799,3856.631694372294
2016-04-03,CA_2,FOODS,4150,3956.481893178998
2016-04-04,CA_2,FOODS,2664,2784.1012209053797
2016-04-05,CA_2,FOODS,2293,2721.207831708504
2016-04-06,CA_2,FOODS,2458,2501.3755509332505
2016-04-07,CA_2,FOODS,2451,2625.936465487873
2016-04-08,CA_2,FOODS,2896,2849.8596808872844
2016-04-09,CA_2,FOODS,4118,3757.546671639161
2016-04-10,CA_2,FOODS,4111,3754.6773339031683
2016-04-11,CA_2,FOODS,2621,2684.7455756544205
2016-04-12,CA_2,FOODS,2627,2529.5314281382325
2016-04-13,CA_2,FOODS,2264,2618.5034047663603
2016-04-14,CA_2,FOODS,2200,2454.2730077686983
2016-04-15,CA_2,FOODS,2891,2731.7657088815263
2016-04-16,CA_2,FOODS,3423,2833.1693577533574
2016-04-17,CA_2,FOODS,3729,2931.2095238095235
2016-04-18,CA_2,FOODS,2625,2512.363093856879
2016-04-19,CA_2,FOODS,2410,2388.1138405461206
2016-04-20,CA_2,FOODS,2506,2289.318533934024
2016-04-21,CA_2,FOODS,2261,2344.1912541990046
2016-04-22,CA_2,FOODS,2871,2776.566999477762
2016-04-23,CA_2,FOODS,3760,3569.2704973390223
2016-04-24,CA_2,FOODS,4012,3808.866399065299
2016-03-28,CA_2,HOBBIES,366,344.63891787261076
2016-03-29,CA_2,HOBBIES,490,334.5638919580649
2016-03-30,CA_2,HOBBIES,249,363.28547866154827
2016-03-31,CA_2,HOBBIES,290,320.67392766219945
2016-04-01,CA_2,HOBBIES,525,420.44922693851964
2016-04-02,CA_2,HOBBIES,576,537.8219265747676
2016-04-03,CA_2,HOBBIES,511,507.71839231511365
2016-04-04,CA_2,HOBBIES,302,365.471419250446
2016-04-05,CA_2,HOBBIES,315,350.55984161452284
2016-04-06,CA_2,HOBBIES,430,341.8669409657936
2016-04-07,CA_2,HOBBIES,367,352.1783450729085
2016-04-08,CA_2,HOBBIES,398,420.20993062893285
2016-04-09,CA_2,HOBBIES,574,537.0143477427875
2016-04-10,CA_2,HOBBIES,605,469.6137597853831
2016-04-11,CA_2,HOBBIES,283,358.266589703326
2016-04-12,CA_2,HOBBIES,360,341.1942714847604
2016-04-13,CA_2,HOBBIES,343,379.77162250774694
2016-04-14,CA_2,HOBBIES,374,347.07044019795916
2016-04-15,CA_2,HOBBIES,483,411.0576810020207
2016-04-16,CA_2,HOBBIES,486,479.04144303421214
2016-04-17,CA_2,HOBBIES,483,482.7254121751186
2016-04-18,CA_2,HOBBIES,320,352.4035628148664
2016-04-19,CA_2,HOBBIES,368,342.98832185957076
2016-04-20,CA_2,HOBBIES,344,353.48206197969324
2016-04-21,CA_2,HOBBIES,271,352.61326289821744
2016-04-22,CA_2,HOBBIES,485,423.80111201019
2016-04-23,CA_2,HOBBIES,542,488.1962154241332
2016-04-24,CA_2,HOBBIES,507,477.75040037038457
2016-03-28,CA_2,HOUSEHOLD,903,1077.4782818654182
2016-03-29,CA_2,HOUSEHOLD,872,828.5101957979958
2016-03-30,CA_2,HOUSEHOLD,880,736.1675101672257
2016-03-31,CA_2,HOUSEHOLD,951,764.0869979715027
2016-04-01,CA_2,HOUSEHOLD,1181,1133.6194537250567
2016-04-02,CA_2,HOUSEHOLD,1673,1445.3364785366662
2016-04-03,CA_2,HOUSEHOLD,1881,1693.6487030390656
2016-04-04,CA_2,HOUSEHOLD,1005,1176.6765070295094
2016-04-05,CA_2,HOUSEHOLD,872,990.5971742496554
2016-04-06,CA_2,HOUSEHOLD,843,889.2989786222586
2016-04-07,CA_2,HOUSEHOLD,942,869.1807152368717
2016-04-08,CA_2,HOUSEHOLD,1153,1036.441002348523
2016-04-09,CA_2,HOUSEHOLD,1661,1546.102075389054
2016-04-10,CA_2,HOUSEHOLD,1581,1710.9391535104794
2016-04-11,CA_2,HOUSEHOLD,987,1022.124604382846
2016-04-12,CA_2,HOUSEHOLD,811,930.8708974201182
2016-04-13,CA_2,HOUSEHOLD,938,834.8502706639414
2016-04-14,CA_2,HOUSEHOLD,867,949.4263590785736
2016-04-15,CA_2,HOUSEHOLD,1066,1003.8694910917421
2016-04-16,CA_2,HOUSEHOLD,1443,1114.7401832642706
2016-04-17,CA_2,HOUSEHOLD,1548,1401.1481653115447
2016-04-18,CA_2,HOUSEHOLD,885,989.071325017895
2016-04-19,CA_2,HOUSEHOLD,853,824.266905045803
2016-04-20,CA_2,HOUSEHOLD,841,878.2623571266563
2016-04-21,CA_2,HOUSEHOLD,771,848.6490828019404
2016-04-22,CA_2,HOUSEHOLD,1101,965.5765666709776
2016-04-23,CA_2,HOUSEHOLD,1582,1381.916605851842
2016-04-24,CA_2,HOUSEHOLD,1563,1604.2237487955153
2016-03-28,CA_3,FOODS,3335,3913.5002813025376
2016-03-29,CA_3,FOODS,3493,3626.8140723408196
2016-03-30,CA_3,FOODS,3299,3493.773250801189
2016-03-31,CA_3,FOODS,3432,3411.7862470617524
2016-04-01,CA_3,FOODS,3977,3886.8949497371486
2016-04-02,CA_3,FOODS,4466,4971.813958555611
2016-04-03,CA_3,FOODS,5171,5251.22918124991
2016-04-04,CA_3,FOODS,4195,4428.681363491238
2016-04-05,CA_3,FOODS,4132,3974.490699449725
2016-04-06,CA_3,FOODS,3829,3896.208044557109
2016-04-07,CA_3,FOODS,3667,3797.842616149912
2016-04-08,CA_3,FOODS,3937,3810.971725001591
2016-04-09,CA_3,FOODS,4910,4810.7379127472905
2016-04-10,CA_3,FOODS,5453,4965.215066544804
2016-04-11,CA_3,FOODS,4202,4551.604842040035
2016-04-12,CA_3,FOODS,3692,3800.6971137478804
2016-04-13,CA_3,FOODS,3403,3745.562232438284
2016-04-14,CA_3,FOODS,3344,3528.975929502316
2016-04-15,CA_3,FOODS,3471,3684.736088897212
2016-04-16,CA_3,FOODS,4307,4420.814663640264
2016-04-17,CA_3,FOODS,5127,4825.662541970859
2016-04-18,CA_3,FOODS,3827,3953.153468835751
2016-04-19,CA_3,FOODS,3468,3536.923516755369
2016-04-20,CA_3,FOODS,3286,3436.4873719225197
2016-04-21,CA_3,FOODS,3056,3298.641905869074
2016-04-22,CA_3,FOODS,3409,3490.9773372079885
2016-04-23,CA_3,FOODS,4459,4298.665061780393
2016-04-24,CA_3,FOODS,4698,4942.746073778536
2016-03-28,CA_3,HOBBIES,528,498.5327650545339
2016-03-29,CA_3,HOBBIES,472,479.04058369829306
2016-03-30,CA_3,HOBBIES,508,502.73002744507653
2016-03-31,CA_3,HOBBIES,482,547.4965622630951
2016-04-01,CA_3,HOBBIES,704,692.3060067222833
2016-04-02,CA_3,HOBBIES,588,718.0779445973432
2016-04-03,CA_3,HOBBIES,818,683.2749042334341
2016-04-04,CA_3,HOBBIES,533,544.5205697971487
2016-04-05,CA_3,HOBBIES,465,539.1196369192554
2016-04-06,CA_3,HOBBIES,477,485.96237506420874
2016-04-07,CA_3,HOBBIES,489,525.2125771521137
2016-04-08,CA_3,HOBBIES,538,587.1036871926495
2016-04-09,CA_3,HOBBIES,648,663.014580411416
2016-04-10,CA_3,HOBBIES,636,688.8543962054775
2016-04-11,CA_3,HOBBIES,563,521.1322988922216
2016-04-12,CA_3,HOBBIES,450,497.60928589938186
2016-04-13,CA_3,HOBBIES,505,501.6392356066924
2016-04-14,CA_3,HOBBIES,558,505.4619108396585
2016-04-15,CA_3,HOBBIES,432,608.0723455892814
2016-04-16,CA_3,HOBBIES,635,621.79047092155
2016-04-17,CA_3,HOBBIES,848,634.1955377295881
2016-04-18,CA_3,HOBBIES,467,523.4850610156597
2016-04-19,CA_3,HOBBIES,588,478.6591400110814
2016-04-20,CA_3,HOBBIES,534,498.1009855596234
2016-04-21,CA_3,HOBBIES,540,548.9802740988317
2016-04-22,CA_3,HOBBIES,598,574.9295470247542
2016-04-23,CA_3,HOBBIES,765,638.1555907381488
2016-04-24,CA_3,HOBBIES,670,767.9852644896102
2016-03-28,CA_3,HOUSEHOLD,1624,1633.201309977998
2016-03-29,CA_3,HOUSEHOLD,1528,1585.71400208593
2016-03-30,CA_3,HOUSEHOLD,1395,1477.6688351474754
2016-03-31,CA_3,HOUSEHOLD,1560,1466.1441094110626
2016-04-01,CA_3,HOUSEHOLD,1890,1812.6523331977805
2016-04-02,CA_3,HOUSEHOLD,2152,2280.187390178833
2016-04-03,CA_3,HOUSEHOLD,2410,2418.5859077335153
2016-04-04,CA_3,HOUSEHOLD,1894,1713.63169288951
2016-04-05,CA_3,HOUSEHOLD,1624,1665.920133057388
2016-04-06,CA_3,HOUSEHOLD,1379,1524.983896992821
2016-04-07,CA_3,HOUSEHOLD,1479,1507.6358173493988
2016-04-08,CA_3,HOUSEHOLD,1716,1687.4010517443014
2016-04-09,CA_3,HOUSEHOLD,2224,2211.3860342298676
2016-04-10,CA_3,HOUSEHOLD,2513,2313.5898126451275
2016-04-11,CA_3,HOUSEHOLD,1815,1781.256104902599
2016-04-12,CA_3,HOUSEHOLD,1499,1616.0163900112034
2016-04-13,CA_3,HOUSEHOLD,1469,1486.5883859792898
2016-04-14,CA_3,HOUSEHOLD,1591,1508.9794815803225
2016-04-15,CA_3,HOUSEHOLD,1434,1738.582931473999
2016-04-16,CA_3,HOUSEHOLD,1994,2064.0663533067004
2016-04-17,CA_3,HOUSEHOLD,2296,2219.2736467823665
2016-04-18,CA_3,HOUSEHOLD,1774,1698.2391784793635
2016-04-19,CA_3,HOUSEHOLD,1627,1517.807198948519
2016-04-20,CA_3,HOUSEHOLD,1415,1491.269268333677
2016-04-21,CA_3,HOUSEHOLD,1422,1472.0727957860495
2016-04-22,CA_3,HOUSEHOLD,1616,1545.2055369827958
2016-04-23,CA_3,HOUSEHOLD,2195,2008.6159676018754
2016-04-24,CA_3,HOUSEHOLD,2353,2163.4202581510444
2016-03-28,CA_4,FOODS,1630,1641.6688625203037
2016-03-29,CA_4,FOODS,1438,1513.9924848393948
2016-03-30,CA_4,FOODS,1371,1474.9965686018622
2016-03-31,CA_4,FOODS,1518,1452.5301994402078
2016-04-01,CA_4,FOODS,1701,1884.813547177871
2016-04-02,CA_4,FOODS,1920,2239.344846595751
2016-04-03,CA_4,FOODS,2074,2053.6880915489296
2016-04-04,CA_4,FOODS,1840,1714.2346524616978
2016-04-05,CA_4,FOODS,1665,1623.764630574528
2016-04-06,CA_4,FOODS,1607,1520.5338146519664
2016-04-07,CA_4,FOODS,1586,1583.75184029956
2016-04-08,CA_4,FOODS,1597,1692.8712132740295
2016-04-09,CA_4,FOODS,2091,1854.5913836000175
2016-04-10,CA_4,FOODS,2150,2048.694921448244
2016-04-11,CA_4,FOODS,1694,1689.8120843088298
2016-04-12,CA_4,FOODS,1395,1580.4154638641385
2016-04-13,CA_4,FOODS,1415,1476.409272995893
2016-04-14,CA_4,FOODS,1541,1478.177350978997
2016-04-15,CA_4,FOODS,1664,1716.069831033046
2016-04-16,CA_4,FOODS,1883,1978.8086412776001
2016-04-17,CA_4,FOODS,1995,2119.337681838496
2016-04-18,CA_4,FOODS,1879,1642.5596178887686
2016-04-19,CA_4,FOODS,1722,1569.29202967909
2016-04-20,CA_4,FOODS,1581,1513.3342536571502
2016-04-21,CA_4,FOODS,1629,1598.9765460382241
2016-04-22,CA_4,FOODS,1751,1753.8302019484745
2016-04-23,CA_4,FOODS,1971,2016.0940876595569
2016-04-24,CA_4,FOODS,2043,2059.321229597498
2016-03-28,CA_4,HOBBIES,325,292.493567009948
2016-03-29,CA_4,HOBBIES,361,317.73044642408433
2016-03-30,CA_4,HOBBIES,444,363.29375852908294
2016-03-31,CA_4,HOBBIES,306,346.77898694983577
2016-04-01,CA_4,HOBBIES,325,422.3604684628548
2016-04-02,CA_4,HOBBIES,409,417.0800380725435
2016-04-03,CA_4,HOBBIES,332,379.72908162535464
2016-04-04,CA_4,HOBBIES,405,342.90601592728603
2016-04-05,CA_4,HOBBIES,461,335.49128540570484
2016-04-06,CA_4,HOBBIES,325,341.1162692661726
2016-04-07,CA_4,HOBBIES,330,317.2475586466598
2016-04-08,CA_4,HOBBIES,319,364.39106426167467
2016-04-09,CA_4,HOBBIES,359,407.19706325675725
2016-04-10,CA_4,HOBBIES,363,363.64790858176457
2016-04-11,CA_4,HOBBIES,325,342.14317557675815
2016-04-12,CA_4,HOBBIES,278,329.6802750669872
2016-04-13,CA_4,HOBBIES,317,288.5917899807912
2016-04-14,CA_4,HOBBIES,505,311.28427705921035
2016-04-15,CA_4,HOBBIES,342,388.64256779095723
2016-04-16,CA_4,HOBBIES,333,405.92667787754675
2016-04-17,CA_4,HOBBIES,344,395.39826372118677
2016-04-18,CA_4,HOBBIES,377,317.3852849491145
2016-04-19,CA_4,HOBBIES,398,329.88895436649165
2016-04-20,CA_4,HOBBIES,405,324.8953531996726
2016-04-21,CA_4,HOBBIES,369,326.4584339431515
2016-04-22,CA_4,HOBBIES,405,364.0252122980486
2016-04-23,CA_4,HOBBIES,390,405.2538268342168
2016-04-24,CA_4,HOBBIES,466,373.64287394508125
2016-03-28,CA_4,HOUSEHOLD,490,482.15013024323014
2016-03-29,CA_4,HOUSEHOLD,444,464.60637240126465
2016-03-30,CA_4,HOUSEHOLD,507,455.63212799548603
2016-03-31,CA_4,HOUSEHOLD,646,484.89220763282333
2016-04-01,CA_4,HOUSEHOLD,555,584.0198995551182
2016-04-02,CA_4,HOUSEHOLD,711,667.1749097810502
2016-04-03,CA_4,HOUSEHOLD,734,665.8840379710389
2016-04-04,CA_4,HOUSEHOLD,543,520.0384776524891
2016-04-05,CA_4,HOUSEHOLD,506,491.59218355128286
2016-04-06,CA_4,HOUSEHOLD,495,488.53862909100803
2016-04-07,CA_4,HOUSEHOLD,493,496.12410501651686
2016-04-08,CA_4,HOUSEHOLD,441,534.142403226201
2016-04-09,CA_4,HOUSEHOLD,614,602.1462726548004
2016-04-10,CA_4,HOUSEHOLD,682,634.7405564850445
2016-04-11,CA_4,HOUSEHOLD,516,517.3975230010053
2016-04-12,CA_4,HOUSEHOLD,501,483.37579293452984
2016-04-13,CA_4,HOUSEHOLD,482,471.5981976129684
2016-04-14,CA_4,HOUSEHOLD,452,475.35920299676377
2016-04-15,CA_4,HOUSEHOLD,490,498.3217356434088
2016-04-16,CA_4,HOUSEHOLD,623,604.4193396779078
2016-04-17,CA_4,HOUSEHOLD,708,632.8679353986522
2016-04-18,CA_4,HOUSEHOLD,553,499.79954078933036
2016-04-19,CA_4,HOUSEHOLD,557,481.4748412671997
2016-04-20,CA_4,HOUSEHOLD,514,495.44415802887687
2016-04-21,CA_4,HOUSEHOLD,460,497.4621865634298
2016-04-22,CA_4,HOUSEHOLD,472,505.6316582745526
2016-04-23,CA_4,HOUSEHOLD,593,596.9892135218622
2016-04-24,CA_4,HOUSEHOLD,762,619.4764755230635
2016-03-28,TX_1,FOODS,1806,1721.25062212547
2016-03-29,TX_1,FOODS,1556,1811.0107161070534
2016-03-30,TX_1,FOODS,1636,1665.2445396143564
2016-03-31,TX_1,FOODS,1588,1735.3033966774012
2016-04-01,TX_1,FOODS,2038,2045.1250282656513
2016-04-02,TX_1,FOODS,2351,2432.4866335145193
2016-04-03,TX_1,FOODS,2677,2659.662755249134
2016-04-04,TX_1,FOODS,1895,1926.5850405943368
2016-04-05,TX_1,FOODS,2045,1885.0808233604175
2016-04-06,TX_1,FOODS,2061,1877.3607093502387
2016-04-07,TX_1,FOODS,2047,2006.6495650670759
2016-04-08,TX_1,FOODS,2087,2054.7632591142283
2016-04-09,TX_1,FOODS,2617,2498.59101009832
2016-04-10,TX_1,FOODS,2648,2613.4631159722044
2016-04-11,TX_1,FOODS,1965,2189.128995211911
2016-04-12,TX_1,FOODS,2028,2108.5506057168363
2016-04-13,TX_1,FOODS,1901,2033.4074853742225
2016-04-14,TX_1,FOODS,1808,1870.341204342744
2016-04-15,TX_1,FOODS,2049,1937.8330619413878
2016-04-16,TX_1,FOODS,2412,2356.5255684381564
2016-04-17,TX_1,FOODS,2629,2543.746853314126
2016-04-18,TX_1,FOODS,2434,1912.266094491109
2016-04-19,TX_1,FOODS,2113,1920.3211751727604
2016-04-20,TX_1,FOODS,1834,1919.3350066313758
2016-04-21,TX_1,FOODS,1777,1778.229727968117
2016-04-22,TX_1,FOODS,1922,2045.8418414159783
2016-04-23,TX_1,FOODS,2319,2321.4681529147797
2016-04-24,TX_1,FOODS,2491,2713.59547644036
2016-03-28,TX_1,HOBBIES,232,247.92165254245367
2016-03-29,TX_1,HOBBIES,241,248.7025276930075
2016-03-30,TX_1,HOBBIES,284,246.83862029561405
2016-03-31,TX_1,HOBBIES,213,245.41555252973285
2016-04-01,TX_1,HOBBIES,305,284.5231052316922
2016-04-02,TX_1,HOBBIES,506,319.88266126840455
2016-04-03,TX_1,HOBBIES,305,357.2654499926706
2016-04-04,TX_1,HOBBIES,255,252.7701431961329
2016-04-05,TX_1,HOBBIES,258,253.2785800994081
2016-04-06,TX_1,HOBBIES,272,253.53244190999482
2016-04-07,TX_1,HOBBIES,230,258.1847211336976
2016-04-08,TX_1,HOBBIES,314,312.0219566480834
2016-04-09,TX_1,HOBBIES,357,437.13787512623094
2016-04-10,TX_1,HOBBIES,319,331.85935464085634
2016-04-11,TX_1,HOBBIES,293,256.0268769133884
2016-04-12,TX_1,HOBBIES,196,257.5465939232631
2016-04-13,TX_1,HOBBIES,276,247.41333202225672
2016-04-14,TX_1,HOBBIES,277,258.52104470332677
2016-04-15,TX_1,HOBBIES,258,284.7788883408425
2016-04-16,TX_1,HOBBIES,273,331.19507556017766
2016-04-17,TX_1,HOBBIES,447,316.6209392772724
2016-04-18,TX_1,HOBBIES,216,255.03766209083517
2016-04-19,TX_1,HOBBIES,292,246.47965185747555
2016-04-20,TX_1,HOBBIES,273,255.83272255347146
2016-04-21,TX_1,HOBBIES,219,259.4806892869169
2016-04-22,TX_1,HOBBIES,271,274.24833427701554
2016-04-23,TX_1,HOBBIES,289,317.0494213521135
2016-04-24,TX_1,HOBBIES,372,348.7365174948616
2016-03-28,TX_1,HOUSEHOLD,988,877.784450175345
2016-03-29,TX_1,HOUSEHOLD,702,840.8555313057725
2016-03-30,TX_1,HOUSEHOLD,881,802.9433637601667
2016-03-31,TX_1,HOUSEHOLD,830,853.7517215479952
2016-04-01,TX_1,HOUSEHOLD,1046,1045.9726452495806
2016-04-02,TX_1,HOUSEHOLD,1161,1183.244824047412
2016-04-03,TX_1,HOUSEHOLD,1293,1222.5457685331455
2016-04-04,TX_1,HOUSEHOLD,882,946.3676665777192
2016-04-05,TX_1,HOUSEHOLD,912,829.5780045369637
2016-04-06,TX_1,HOUSEHOLD,868,889.4698560047741
2016-04-07,TX_1,HOUSEHOLD,823,857.7083544152084
2016-04-08,TX_1,HOUSEHOLD,900,922.2061683709481
2016-04-09,TX_1,HOUSEHOLD,1094,1158.6611693002476
2016-04-10,TX_1,HOUSEHOLD,1181,1200.5519304863037
2016-04-11,TX_1,HOUSEHOLD,910,938.6826199727635
2016-04-12,TX_1,HOUSEHOLD,805,928.9422218950984
2016-04-13,TX_1,HOUSEHOLD,675,818.1283137939321
2016-04-14,TX_1,HOUSEHOLD,839,761.8593958072461
2016-04-15,TX_1,HOUSEHOLD,777,889.7502486962616
2016-04-16,TX_1,HOUSEHOLD,1039,1093.4467143433824
2016-04-17,TX_1,HOUSEHOLD,1116,1136.3427683825514
2016-04-18,TX_1,HOUSEHOLD,760,873.8266987862157
2016-04-19,TX_1,HOUSEHOLD,852,758.7244489023744
2016-04-20,TX_1,HOUSEHOLD,794,781.2106835685823
2016-04-21,TX_1,HOUSEHOLD,780,778.7415494807341
2016-04-22,TX_1,HOUSEHOLD,829,868.9132405271891
2016-04-23,TX_1,HOUSEHOLD,1092,1039.8031063202425
2016-04-24,TX_1,HOUSEHOLD,1170,1118.875627276593
2016-03-28,TX_2,FOODS,2403,2459.142835043047
2016-03-29,TX_2,FOODS,1834,2305.240245211708
2016-03-30,TX_2,FOODS,2011,2092.4618828463294
2016-03-31,TX_2,FOODS,2160,2183.1758149807206
2016-04-01,TX_2,FOODS,2733,2622.173217581655
2016-04-02,TX_2,FOODS,3087,3456.207178045485
2016-04-03,TX_2,FOODS,3467,3556.2909396330065
2016-04-04,TX_2,FOODS,2509,2618.278643984581
2016-04-05,TX_2,FOODS,2460,2448.931809124482
2016-04-06,TX_2,FOODS,2255,2441.2721954927065
2016-04-07,TX_2,FOODS,2427,2420.044144213359
2016-04-08,TX_2,FOODS,2458,2771.4727088973723
2016-04-09,TX_2,FOODS,3195,3037.9305861887074
2016-04-10,TX_2,FOODS,3340,3324.4523797828465
2016-04-11,TX_2,FOODS,2602,2706.2566850937314
2016-04-12,TX_2,FOODS,2257,2476.4228401012174
2016-04-13,TX_2,FOODS,2164,2240.3568454160045
2016-04-14,TX_2,FOODS,2446,2244.2500142493245
2016-04-15,TX_2,FOODS,2549,2700.776078330004
2016-04-16,TX_2,FOODS,2795,3031.962343809008
2016-04-17,TX_2,FOODS,3221,3151.192655697758
2016-04-18,TX_2,FOODS,2268,2482.936048496432
2016-04-19,TX_2,FOODS,2440,2142.9209448489455
2016-04-20,TX_2,FOODS,2196,2307.038625941826
2016-04-21,TX_2,FOODS,2239,2161.478935758866
2016-04-22,TX_2,FOODS,2547,2618.645893644408
2016-04-23,TX_2,FOODS,2930,3110.1091294017237
2016-04-24,TX_2,FOODS,2853,3169.3641852991686
2016-03-28,TX_2,HOBBIES,381,310.70836600657304
2016-03-29,TX_2,HOBBIES,270,364.56004763962477
2016-03-30,TX_2,HOBBIES,317,330.8158957758653
2016-03-31,TX_2,HOBBIES,318,310.2212262218834
2016-04-01,TX_2,HOBBIES,391,386.35485729145444
2016-04-02,TX_2,HOBBIES,432,421.8124139507007
2016-04-03,TX_2,HOBBIES,478,388.94070356638565
2016-04-04,TX_2,HOBBIES,332,341.7165748581714
2016-04-05,TX_2,HOBBIES,276,308.9116456906864
2016-04-06,TX_2,HOBBIES,350,286.17581955733846
2016-04-07,TX_2,HOBBIES,406,326.8978404613814
2016-04-08,TX_2,HOBBIES,369,385.0439757536417
2016-04-09,TX_2,HOBBIES,370,426.7935672819433
2016-04-10,TX_2,HOBBIES,521,425.2808641719169
2016-04-11,TX_2,HOBBIES,431,334.41790382104415
2016-04-12,TX_2,HOBBIES,431,367.8606299318645
2016-04-13,TX_2,HOBBIES,355,346.7431396663424
2016-04-14,TX_2,HOBBIES,408,354.9167611002104
2016-04-15,TX_2,HOBBIES,360,402.6506643717016
2016-04-16,TX_2,HOBBIES,407,440.70156561844664
2016-04-17,TX_2,HOBBIES,468,449.5832124345938
2016-04-18,TX_2,HOBBIES,328,350.4412656422368
2016-04-19,TX_2,HOBBIES,299,350.0483409696964
2016-04-20,TX_2,HOBBIES,373,355.69667234029004
2016-04-21,TX_2,HOBBIES,340,358.2386590287117
2016-04-22,TX_2,HOBBIES,388,400.25811103932347
2016-04-23,TX_2,HOBBIES,436,419.96799050893935
2016-04-24,TX_2,HOBBIES,413,418.26996453717663
2016-03-28,TX_2,HOUSEHOLD,956,895.5693023530132
2016-03-29,TX_2,HOUSEHOLD,795,901.4297309292855
2016-03-30,TX_2,HOUSEHOLD,809,902.9419453408683
2016-03-31,TX_2,HOUSEHOLD,877,889.4975363870378
2016-04-01,TX_2,HOUSEHOLD,989,1072.8427689466416
2016-04-02,TX_2,HOUSEHOLD,1266,1174.6898513851518
2016-04-03,TX_2,HOUSEHOLD,1225,1283.5561930721485
2016-04-04,TX_2,HOUSEHOLD,950,1027.8496163580887
2016-04-05,TX_2,HOUSEHOLD,985,904.0290374939598
2016-04-06,TX_2,HOUSEHOLD,761,863.8657115386413
2016-04-07,TX_2,HOUSEHOLD,962,859.9149518447816
2016-04-08,TX_2,HOUSEHOLD,921,1072.403643826807
2016-04-09,TX_2,HOUSEHOLD,1255,1219.5154373889416
2016-04-10,TX_2,HOUSEHOLD,1174,1250.4466985685283
2016-04-11,TX_2,HOUSEHOLD,1000,967.838753694022
2016-04-12,TX_2,HOUSEHOLD,796,932.7353121507482
2016-04-13,TX_2,HOUSEHOLD,829,791.4497901264835
2016-04-14,TX_2,HOUSEHOLD,997,883.2062375167764
2016-04-15,TX_2,HOUSEHOLD,988,998.0376472441001
2016-04-16,TX_2,HOUSEHOLD,1273,1215.1474406917828
2016-04-17,TX_2,HOUSEHOLD,1309,1230.2534158117403
2016-04-18,TX_2,HOUSEHOLD,715,980.568620198961
2016-04-19,TX_2,HOUSEHOLD,988,803.6468053666473
2016-04-20,TX_2,HOUSEHOLD,815,904.3404027934569
2016-04-21,TX_2,HOUSEHOLD,867,848.952396462659
2016-04-22,TX_2,HOUSEHOLD,967,1014.9085886698526
2016-04-23,TX_2,HOUSEHOLD,1117,1187.816929700426
2016-04-24,TX_2,HOUSEHOLD,1026,1171.2312912058464
2016-03-28,TX_3,FOODS,2376,2225.7008549266893
2016-03-29,TX_3,FOODS,1821,2219.865634438202
2016-03-30,TX_3,FOODS,1787,1976.9004360615434
2016-03-31,TX_3,FOODS,1983,2085.092967178124
2016-04-01,TX_3,FOODS,2742,2435.517020563259
2016-04-02,TX_3,FOODS,2559,3063.533502628753
2016-04-03,TX_3,FOODS,2982,2939.5525907276683
2016-04-04,TX_3,FOODS,2279,2680.48137318335
2016-04-05,TX_3,FOODS,2343,2201.8965279012828
2016-04-06,TX_3,FOODS,2473,2231.8982858872982
2016-04-07,TX_3,FOODS,2450,2379.118638489041
2016-04-08,TX_3,FOODS,2379,2703.017322254103
2016-04-09,TX_3,FOODS,2968,2844.563163664801
2016-04-10,TX_3,FOODS,3026,3070.8202380577623
2016-04-11,TX_3,FOODS,2671,2540.1300500070506
2016-04-12,TX_3,FOODS,2669,2486.4226354053167
2016-04-13,TX_3,FOODS,2381,2459.0984127580346
2016-04-14,TX_3,FOODS,2361,2363.9102662099895
2016-04-15,TX_3,FOODS,2396,2544.250395679322
2016-04-16,TX_3,FOODS,2737,2735.296623711029
2016-04-17,TX_3,FOODS,2867,2970.9888948636317
2016-04-18,TX_3,FOODS,2132,2357.424857400718
2016-04-19,TX_3,FOODS,2513,2063.9867122186733
2016-04-20,TX_3,FOODS,2212,2247.081908327655
2016-04-21,TX_3,FOODS,2151,2121.307263510868
2016-04-22,TX_3,FOODS,2370,2507.879498236306
2016-04-23,TX_3,FOODS,2600,2779.3246876269595
2016-04-24,TX_3,FOODS,2421,2806.1188396835696
2016-03-28,TX_3,HOBBIES,307,335.15862434449525
2016-03-29,TX_3,HOBBIES,318,328.87976928214584
2016-03-30,TX_3,HOBBIES,349,340.31801900605046
2016-03-31,TX_3,HOBBIES,347,352.2614524381279
2016-04-01,TX_3,HOBBIES,489,437.64140531764735
2016-04-02,TX_3,HOBBIES,485,452.9454612268993
2016-04-03,TX_3,HOBBIES,501,441.59523669778565
2016-04-04,TX_3,HOBBIES,412,351.70912226428317
2016-04-05,TX_3,HOBBIES,341,351.30420543131845
2016-04-06,TX_3,HOBBIES,376,348.91498570828566
2016-04-07,TX_3,HOBBIES,362,345.8135288130115
2016-04-08,TX_3,HOBBIES,397,414.84297985441333
2016-04-09,TX_3,HOBBIES,418,450.58461575738943
2016-04-10,TX_3,HOBBIES,462,449.11063915883153
2016-04-11,TX_3,HOBBIES,401,385.238147894374
2016-04-12,TX_3,HOBBIES,418,347.1918572673648
2016-04-13,TX_3,HOBBIES,385,359.05825931623724
2016-04-14,TX_3,HOBBIES,370,364.682922138765
2016-04-15,TX_3,HOBBIES,489,399.13069112552824
2016-04-16,TX_3,HOBBIES,444,466.8356168014893
2016-04-17,TX_3,HOBBIES,546,473.3330841672849
2016-04-18,TX_3,HOBBIES,286,380.5761378622341
2016-04-19,TX_3,HOBBIES,434,349.5222291994073
2016-04-20,TX_3,HOBBIES,334,389.5297109260662
2016-04-21,TX_3,HOBBIES,323,351.8611043609291
2016-04-22,TX_3,HOBBIES,397,406.12377125501996
2016-04-23,TX_3,HOBBIES,497,464.3635905045571
2016-04-24,TX_3,HOBBIES,481,465.2385072865507
2016-03-28,TX_3,HOUSEHOLD,854,832.5403952464117
2016-03-29,TX_3,HOUSEHOLD,785,825.9454708865431
2016-03-30,TX_3,HOUSEHOLD,754,821.9422856774079
2016-03-31,TX_3,HOUSEHOLD,990,876.8392393247188
2016-04-01,TX_3,HOUSEHOLD,1119,1021.7917184777932
2016-04-02,TX_3,HOUSEHOLD,1248,1202.921191058751
2016-04-03,TX_3,HOUSEHOLD,1123,1115.3026092323382
2016-04-04,TX_3,HOUSEHOLD,983,945.2447798015145
2016-04-05,TX_3,HOUSEHOLD,846,843.1452936479536
2016-04-06,TX_3,HOUSEHOLD,922,798.655557913754
2016-04-07,TX_3,HOUSEHOLD,893,948.3134957938256
2016-04-08,TX_3,HOUSEHOLD,941,997.1240048593104
2016-04-09,TX_3,HOUSEHOLD,1086,1191.4608200267583
2016-04-10,TX_3,HOUSEHOLD,1147,1079.7631303384203
2016-04-11,TX_3,HOUSEHOLD,901,937.805705151501
2016-04-12,TX_3,HOUSEHOLD,818,857.9937952812355
2016-04-13,TX_3,HOUSEHOLD,728,840.0942558081618
2016-04-14,TX_3,HOUSEHOLD,786,767.2383382307597
2016-04-15,TX_3,HOUSEHOLD,934,920.2501128501139
2016-04-16,TX_3,HOUSEHOLD,1080,1094.7510119357164
2016-04-17,TX_3,HOUSEHOLD,1106,1100.313234545226
2016-04-18,TX_3,HOUSEHOLD,729,891.9244316875761
2016-04-19,TX_3,HOUSEHOLD,991,757.8942452150245
2016-04-20,TX_3,HOUSEHOLD,769,854.1886531496754
2016-04-21,TX_3,HOUSEHOLD,906,778.2964649209171
2016-04-22,TX_3,HOUSEHOLD,924,948.2766867052912
2016-04-23,TX_3,HOUSEHOLD,986,1070.462712855032
2016-04-24,TX_3,HOUSEHOLD,1055,1016.055056508062
2016-03-28,WI_1,FOODS,2000,2392.6306301764416
2016-03-29,WI_1,FOODS,1892,1979.058167029757
2016-03-30,WI_1,FOODS,1818,2000.6130652284573
2016-03-31,WI_1,FOODS,1863,2015.17514753728
2016-04-01,WI_1,FOODS,2844,2653.4979124203855
2016-04-02,WI_1,FOODS,3394,3723.6415346829167
2016-04-03,WI_1,FOODS,3648,3582.1700776404527
2016-04-04,WI_1,FOODS,2181,2388.996006739768
2016-04-05,WI_1,FOODS,2248,2221.2609620537314
2016-04-06,WI_1,FOODS,2122,2339.253850794242
2016-04-07,WI_1,FOODS,2231,2333.185278695586
2016-04-08,WI_1,FOODS,2630,2713.163730575419
2016-04-09,WI_1,FOODS,4302,3400.3166304227275
2016-04-10,WI_1,FOODS,3520,3533.3739123378855
2016-04-11,WI_1,FOODS,2460,2501.786305423978
2016-04-12,WI_1,FOODS,2444,2445.7724480381453
2016-04-13,WI_1,FOODS,2166,2475.284277013463
2016-04-14,WI_1,FOODS,2353,2331.7275643628814
2016-04-15,WI_1,FOODS,2700,2748.580833271693
2016-04-16,WI_1,FOODS,3195,3393.5913344174146
2016-04-17,WI_1,FOODS,3501,3326.8328211599996
2016-04-18,WI_1,FOODS,2282,2358.3245432942604
2016-04-19,WI_1,FOODS,2135,2166.822896632164
2016-04-20,WI_1,FOODS,2290,2098.471430944608
2016-04-21,WI_1,FOODS,2285,2224.886416549527
2016-04-22,WI_1,FOODS,2790,2798.8191348309815
2016-04-23,WI_1,FOODS,3242,3417.6723900109278
2016-04-24,WI_1,FOODS,3317,3171.030044843663
2016-03-28,WI_1,HOBBIES,326,362.4097554816498
2016-03-29,WI_1,HOBBIES,310,339.84374380625627
2016-03-30,WI_1,HOBBIES,316,337.14811956906823
2016-03-31,WI_1,HOBBIES,291,327.30577995120825
2016-04-01,WI_1,HOBBIES,514,442.3990098151366
2016-04-02,WI_1,HOBBIES,628,677.6528698074268
2016-04-03,WI_1,HOBBIES,568,453.4532703975142
2016-04-04,WI_1,HOBBIES,370,377.311070392868
2016-04-05,WI_1,HOBBIES,355,343.4701479996665
2016-04-06,WI_1,HOBBIES,287,349.51677650025323
2016-04-07,WI_1,HOBBIES,382,350.757437404742
2016-04-08,WI_1,HOBBIES,454,445.27051664216424
2016-04-09,WI_1,HOBBIES,623,600.1571796317352
2016-04-10,WI_1,HOBBIES,467,480.850940787076
2016-04-11,WI_1,HOBBIES,332,365.66813594110573
2016-04-12,WI_1,HOBBIES,304,348.92036808081406
2016-04-13,WI_1,HOBBIES,458,343.2661667071945
2016-04-14,WI_1,HOBBIES,333,365.651128778599
2016-04-15,WI_1,HOBBIES,375,406.64486649041845
2016-04-16,WI_1,HOBBIES,605,605.0012746304103
2016-04-17,WI_1,HOBBIES,457,469.8126946959356
2016-04-18,WI_1,HOBBIES,316,371.06132135362253
2016-04-19,WI_1,HOBBIES,387,341.7311408129738
2016-04-20,WI_1,HOBBIES,326,354.23666384926895
2016-04-21,WI_1,HOBBIES,397,340.6527180300444
2016-04-22,WI_1,HOBBIES,415,467.34394539743545
2016-04-23,WI_1,HOBBIES,503,612.1718046536213
2016-04-24,WI_1,HOBBIES,574,442.31268809330925
2016-03-28,WI_1,HOUSEHOLD,713,619.5581332052581
2016-03-29,WI_1,HOUSEHOLD,578,569.5719158763048
2016-03-30,WI_1,HOUSEHOLD,558,578.02703069057
2016-03-31,WI_1,HOUSEHOLD,704,580.5099106699188
2016-04-01,WI_1,HOUSEHOLD,1004,948.6397745815643
2016-04-02,WI_1,HOUSEHOLD,1097,1029.5157955421703
2016-04-03,WI_1,HOUSEHOLD,1154,992.3802405521911
2016-04-04,WI_1,HOUSEHOLD,617,737.9680476965502
2016-04-05,WI_1,HOUSEHOLD,628,638.9065038142355
2016-04-06,WI_1,HOUSEHOLD,587,634.9267525046168
2016-04-07,WI_1,HOUSEHOLD,675,621.0476079991516
2016-04-08,WI_1,HOUSEHOLD,782,838.353121665703
2016-04-09,WI_1,HOUSEHOLD,1257,1045.8006817369228
2016-04-10,WI_1,HOUSEHOLD,1008,1032.369910078309
2016-04-11,WI_1,HOUSEHOLD,701,722.0345673903096
2016-04-12,WI_1,HOUSEHOLD,640,666.5793928449937
2016-04-13,WI_1,HOUSEHOLD,545,641.1300109911243
2016-04-14,WI_1,HOUSEHOLD,555,629.983108663612
2016-04-15,WI_1,HOUSEHOLD,787,724.873057275223
2016-04-16,WI_1,HOUSEHOLD,1062,1012.9099080558331
2016-04-17,WI_1,HOUSEHOLD,854,1007.8370975052546
2016-04-18,WI_1,HOUSEHOLD,638,665.541970280133
2016-04-19,WI_1,HOUSEHOLD,547,607.1566159338456
2016-04-20,WI_1,HOUSEHOLD,626,556.6155794131998
2016-04-21,WI_1,HOUSEHOLD,642,591.6688607772229
2016-04-22,WI_1,HOUSEHOLD,786,805.6787678527098
2016-04-23,WI_1,HOUSEHOLD,1027,1032.4876900314678
2016-04-24,WI_1,HOUSEHOLD,983,849.7444351869289
2016-03-28,WI_2,FOODS,2853,2947.074351320097
2016-03-29,WI_2,FOODS,2765,2637.2534478598163
2016-03-30,WI_2,FOODS,2550,2817.3436953102455
2016-03-31,WI_2,FOODS,2589,3004.819047619048
2016-04-01,WI_2,FOODS,3695,3357.325959069989
2016-04-02,WI_2,FOODS,5090,4687.450112193363
2016-04-03,WI_2,FOODS,5207,4729.395467948719
2016-04-04,WI_2,FOODS,3689,3709.909112565336
2016-04-05,WI_2,FOODS,4378,3677.010826316689
2016-04-06,WI_2,FOODS,4801,3880.1462244620798
2016-04-07,WI_2,FOODS,3905,3699.806994619667
2016-04-08,WI_2,FOODS,5327,4186.998886362893
2016-04-09,WI_2,FOODS,5902,5245.433892448925
2016-04-10,WI_2,FOODS,4518,5183.331811050061
2016-04-11,WI_2,FOODS,4932,4302.389384528709
2016-04-12,WI_2,FOODS,4768,4292.016527781291
2016-04-13,WI_2,FOODS,3533,4199.006316775896
2016-04-14,WI_2,FOODS,4230,3527.4272848211403
2016-04-15,WI_2,FOODS,4836,4263.410106736243
2016-04-16,WI_2,FOODS,4175,4585.518718253968
2016-04-17,WI_2,FOODS,4157,4684.327371141841
2016-04-18,WI_2,FOODS,3206,3814.2656962185497
2016-04-19,WI_2,FOODS,3282,3335.367902184623
2016-04-20,WI_2,FOODS,3005,3196.5230998345064
2016-04-21,WI_2,FOODS,3078,3124.7502650717884
2016-04-22,WI_2,FOODS,3419,3699.908929843352
2016-04-23,WI_2,FOODS,3751,4058.622102401746
2016-04-24,WI_2,FOODS,3659,3562.9365675147087
2016-03-28,WI_2,HOBBIES,343,251.2002735401301
2016-03-29,WI_2,HOBBIES,265,253.4535994652809
2016-03-30,WI_2,HOBBIES,229,254.8256937405717
2016-03-31,WI_2,HOBBIES,338,255.47796069695994
2016-04-01,WI_2,HOBBIES,404,315.4061513937661
2016-04-02,WI_2,HOBBIES,299,340.2355901008606
2016-04-03,WI_2,HOBBIES,309,322.41269254566095
2016-04-04,WI_2,HOBBIES,303,258.557199709139
2016-04-05,WI_2,HOBBIES,241,260.35554476415973
2016-04-06,WI_2,HOBBIES,264,254.4404260007441
2016-04-07,WI_2,HOBBIES,280,252.18239096576582
2016-04-08,WI_2,HOBBIES,356,330.55632034127336
2016-04-09,WI_2,HOBBIES,420,319.15940110042806
2016-04-10,WI_2,HOBBIES,309,335.2494604169781
2016-04-11,WI_2,HOBBIES,246,259.52447491539607
2016-04-12,WI_2,HOBBIES,252,259.79100248549804
2016-04-13,WI_2,HOBBIES,197,256.2315948841605
2016-04-14,WI_2,HOBBIES,219,244.9827843945436
2016-04-15,WI_2,HOBBIES,298,277.9322851496461
2016-04-16,WI_2,HOBBIES,318,333.0694328899218
2016-04-17,WI_2,HOBBIES,321,319.7247654659893
2016-04-18,WI_2,HOBBIES,297,253.41316447925485
2016-04-19,WI_2,HOBBIES,250,258.08499202137745
2016-04-20,WI_2,HOBBIES,276,253.02841678798865
2016-04-21,WI_2,HOBBIES,281,265.34221753373004
2016-04-22,WI_2,HOBBIES,303,301.85524300294475
2016-04-23,WI_2,HOBBIES,282,335.83751194018
2016-04-24,WI_2,HOBBIES,235,308.80639766784367
2016-03-28,WI_2,HOUSEHOLD,1058,909.6192658981537
2016-03-29,WI_2,HOUSEHOLD,1011,947.4822456718744
2016-03-30,WI_2,HOUSEHOLD,847,1032.1482747448918
2016-03-31,WI_2,HOUSEHOLD,981,1056.1678291251274
2016-04-01,WI_2,HOUSEHOLD,2047,1441.279361130929
2016-04-02,WI_2,HOUSEHOLD,1680,1506.1892180322009
2016-04-03,WI_2,HOUSEHOLD,1437,1406.070549333592
2016-04-04,WI_2,HOUSEHOLD,1018,1211.0183461161896
2016-04-05,WI_2,HOUSEHOLD,1061,1066.3543347511995
2016-04-06,WI_2,HOUSEHOLD,1078,1197.959551416884
2016-04-07,WI_2,HOUSEHOLD,1157,1159.515292047047
2016-04-08,WI_2,HOUSEHOLD,1012,1340.7044911322002
2016-04-09,WI_2,HOUSEHOLD,1530,1368.5186916485864
2016-04-10,WI_2,HOUSEHOLD,1185,1444.5002904829366
2016-04-11,WI_2,HOUSEHOLD,1049,1008.8455887289423
2016-04-12,WI_2,HOUSEHOLD,914,1037.622169558349
2016-04-13,WI_2,HOUSEHOLD,854,954.0343874029242
2016-04-14,WI_2,HOUSEHOLD,814,962.2277236126745
2016-04-15,WI_2,HOUSEHOLD,1125,991.879658951828
2016-04-16,WI_2,HOUSEHOLD,1086,1306.0233509335342
2016-04-17,WI_2,HOUSEHOLD,1088,1160.9376923351788
2016-04-18,WI_2,HOUSEHOLD,844,969.5196486024695
2016-04-19,WI_2,HOUSEHOLD,932,845.2056125960444
2016-04-20,WI_2,HOUSEHOLD,913,853.3217676206299
2016-04-21,WI_2,HOUSEHOLD,1034,836.1269714474557
2016-04-22,WI_2,HOUSEHOLD,1266,1212.8336229767312
2016-04-23,WI_2,HOUSEHOLD,1371,1238.9521985517792
2016-04-24,WI_2,HOUSEHOLD,1233,1130.363057879857
2016-03-28,WI_3,FOODS,2026,2273.8439603082666
2016-03-29,WI_3,FOODS,2478,2048.9606725066255
2016-03-30,WI_3,FOODS,2050,2035.0301936818057
2016-03-31,WI_3,FOODS,2003,2172.3398128375065
2016-04-01,WI_3,FOODS,2684,2691.769900396044
2016-04-02,WI_3,FOODS,3728,3693.1689773455105
2016-04-03,WI_3,FOODS,4031,3829.0528045307683
2016-04-04,WI_3,FOODS,2500,2778.0994158190915
2016-04-05,WI_3,FOODS,2968,2717.077472361965
2016-04-06,WI_3,FOODS,2934,2754.264877238972
2016-04-07,WI_3,FOODS,2441,2696.2546108152574
2016-04-08,WI_3,FOODS,2997,2984.7934920834145
2016-04-09,WI_3,FOODS,4158,3767.5452036260294
2016-04-10,WI_3,FOODS,3619,3744.028038861442
2016-04-11,WI_3,FOODS,3068,2945.78573019134
2016-04-12,WI_3,FOODS,3172,3094.185217916034
2016-04-13,WI_3,FOODS,2320,2691.9288706148923
2016-04-14,WI_3,FOODS,2752,2603.677871951342
2016-04-15,WI_3,FOODS,3420,2970.3083752011153
2016-04-16,WI_3,FOODS,3599,3764.0434623311944
2016-04-17,WI_3,FOODS,3267,3507.3077652597212
2016-04-18,WI_3,FOODS,2612,2498.237782896606
2016-04-19,WI_3,FOODS,2377,2372.3962134865083
2016-04-20,WI_3,FOODS,2232,2187.9172103822984
2016-04-21,WI_3,FOODS,2308,2278.177572040722
2016-04-22,WI_3,FOODS,2665,2894.6712931136276
2016-04-23,WI_3,FOODS,3240,3407.2289599700143
2016-04-24,WI_3,FOODS,3107,3226.0484542801337
2016-03-28,WI_3,HOBBIES,212,218.72162636292975
2016-03-29,WI_3,HOBBIES,221,221.79593854664043
2016-03-30,WI_3,HOBBIES,172,227.93379520298566
2016-03-31,WI_3,HOBBIES,300,244.47565380925997
2016-04-01,WI_3,HOBBIES,390,302.9576553089517
2016-04-02,WI_3,HOBBIES,337,309.11557514636627
2016-04-03,WI_3,HOBBIES,291,279.61126509922894
2016-04-04,WI_3,HOBBIES,286,237.12648324990977
2016-04-05,WI_3,HOBBIES,220,236.8432891397249
2016-04-06,WI_3,HOBBIES,171,234.62653508113152
2016-04-07,WI_3,HOBBIES,203,240.5669606050039
2016-04-08,WI_3,HOBBIES,339,268.5444483955626
2016-04-09,WI_3,HOBBIES,399,318.9822512423463
2016-04-10,WI_3,HOBBIES,296,296.3499289547373
2016-04-11,WI_3,HOBBIES,222,249.34481758120157
2016-04-12,WI_3,HOBBIES,304,229.82555963048787
2016-04-13,WI_3,HOBBIES,306,239.07484938529979
2016-04-14,WI_3,HOBBIES,313,244.63493884527674
2016-04-15,WI_3,HOBBIES,348,328.82899211307443
2016-04-16,WI_3,HOBBIES,411,333.57181757292034
2016-04-17,WI_3,HOBBIES,251,307.7454210590038
2016-04-18,WI_3,HOBBIES,174,243.34019449627033
2016-04-19,WI_3,HOBBIES,276,235.18013840402844
2016-04-20,WI_3,HOBBIES,244,255.55092214726952
2016-04-21,WI_3,HOBBIES,203,254.5757240759089
2016-04-22,WI_3,HOBBIES,296,297.30938845756697
2016-04-23,WI_3,HOBBIES,413,323.43063093280716
2016-04-24,WI_3,HOBBIES,251,278.39325375763974
2016-03-28,WI_3,HOUSEHOLD,725,710.5715649200848
2016-03-29,WI_3,HOUSEHOLD,696,654.9474476574661
2016-03-30,WI_3,HOUSEHOLD,639,701.4129032391477
2016-03-31,WI_3,HOUSEHOLD,705,704.5098995048204
2016-04-01,WI_3,HOUSEHOLD,1180,951.9850660595108
2016-04-02,WI_3,HOUSEHOLD,1153,1152.746006220178
2016-04-03,WI_3,HOUSEHOLD,1152,1085.9816471590332
2016-04-04,WI_3,HOUSEHOLD,764,820.1184569201912
2016-04-05,WI_3,HOUSEHOLD,722,737.1250647741814
2016-04-06,WI_3,HOUSEHOLD,745,691.4459288507263
2016-04-07,WI_3,HOUSEHOLD,783,728.5159074543157
2016-04-08,WI_3,HOUSEHOLD,843,868.9801452449078
2016-04-09,WI_3,HOUSEHOLD,1078,1030.1038118537756
2016-04-10,WI_3,HOUSEHOLD,1053,1077.72433572576
2016-04-11,WI_3,HOUSEHOLD,753,760.8686940204054
2016-04-12,WI_3,HOUSEHOLD,661,704.9415618318651
2016-04-13,WI_3,HOUSEHOLD,506,661.7831791479116
2016-04-14,WI_3,HOUSEHOLD,599,659.9662789127506
2016-04-15,WI_3,HOUSEHOLD,845,781.5749505704116
2016-04-16,WI_3,HOUSEHOLD,887,998.419666878787
2016-04-17,WI_3,HOUSEHOLD,1003,917.9723647168744
2016-04-18,WI_3,HOUSEHOLD,770,685.2419604289992
2016-04-19,WI_3,HOUSEHOLD,678,665.4000305264545
2016-04-20,WI_3,HOUSEHOLD,683,627.7991930755592
2016-04-21,WI_3,HOUSEHOLD,715,644.8301698414464
2016-04-22,WI_3,HOUSEHOLD,867,864.9709466909959
2016-04-23,WI_3,HOUSEHOLD,1033,947.9734315286146
2016-04-24,WI_3,HOUSEHOLD,967,928.2745678287768
